organ_or_power,source_repository,implemented_or_documented_mechanism,authority_held,authority_explicitly_withheld,integration_evidence,maturity,nearest_prior_art_cluster,surviving_novelty_question,final_proof_required
Sophia pedagogical constitution,Integritas-Mechanicus and Sophia-AI,"Deterministic pedagogical-office routing; learner-level and scaffold calibration; Bloom Barrett Facione Feuerstein De Bono Costa Knowles Mezirow Torrance moves; assessment ecology; explicit authorship handback","Pedagogical diagnosis, scaffolding, criterion and reflective planning","Student authorship, factual truth without evidence, execution or production authority","arda_os/backend/services/sophia_pedagogy_orchestrator.py; Sophia-AI README",IMPLEMENTED_AND_TEST_EVIDENCE_PRESENT,AI tutoring and adaptive assessment,"Has pedagogical office routing and longitudinal assessment ever been made an authority-bounded organ inside a hardware-attested deterministic intelligence and cyber-governance stack?","Signed pedagogical-plan schema, mutation tests, independently authored learner cases, exact BEAST admission receipt"
Sophia academic writing and source office,Integritas-Mechanicus,"Writing Desk phases, source librarian and methodologist offices, annotations, project store, broad-domain writing support, response-proof matrices","Bounded writing coaching, source support and revision guidance","Covert authorship substitution, unsupported citations, unbounded academic claims","scripts/sophia_writing_desk_*; writing desk evidence",IMPLEMENTED_WITH_PHASE_EVIDENCE,Turnitin Clarity TrueMark Tutela writing assistants,"Has an authorship-preserving writing assistant been cryptographically joined to kernel trust, adversarial cyber world-state and deterministic capability promotion?","Independent writing cases, source-span provenance, exact response derivation, cross-repo convergence receipt"
Similarity and provenance guard,Integritas-Mechanicus,"Conservative exact-overlap, near-paraphrase, citation-needed, shared-terminology and common-phrase analysis with repair menu","Similarity-risk diagnosis and provenance repair recommendations","Plagiarism guilt, disciplinary conclusion, authorship attribution without evidence","arda_os/backend/services/sophia_similarity_guard.py; phase6 similarity evidence",IMPLEMENTED_AND_GAUNTLET_EVIDENCE_PRESENT,Turnitin Feedback Studio Process Feedback Artefakt plagiarism and authorship systems,"Has similarity-risk evidence been treated as one bounded proposition family in a deterministic attested multi-organ intelligence rather than a standalone integrity report?","False-positive and evasion corpus, external calibration, signed source spans, deterministic admission/ablation"
Continuity jurisdiction and lawful reentry,Sophia-AI and Integritas-Mechanicus,"Integrity boundary persists across turns; lawful assistance reopens after compliant reentry; continuity state becomes pedagogical jurisdiction","Carry forward bounded integrity state and lawful assistance conditions","Permanent punishment, hidden user profiling, silent authorship replacement","Sophia-AI README; continuity and ipsative evidence",EMERGING_WITH_INTERNAL_EVIDENCE,Conversational policy memory and education integrity workflows,"Has continuity of academic-integrity rulings been integrated with cryptographic sessions, deterministic guards and longitudinal pedagogy as an inspectable jurisdiction?","Cross-turn adversarial corpus, privacy policy, state-signature proof, independent human evaluation"
Arda silicon and boot trust,Integritas-Mechanicus,"TPM discovery, secure boot, PCR and event-log evidence, nonce-bound quote, boot/workload/configuration identity","Measured-state evidence collection","Semantic truth, pedagogical judgment, business intent or deployment approval","arda_os/boot_attestation.py; tpm_attestation_service.py; boot checkpoints",IMPLEMENTED_WITH_MULTIPLE_EVIDENCE_PATHS,RATS Keylime SPIRE confidential computing,"Is the attestation substrate uniquely integrated with educational authorship governance and deterministic semantic capability execution?","Clean-room hardware reproduction, raw quote/event-log preservation, reference-value policy, mutation suite"
Strict Arda appraisal,Integritas-Mechanicus,"Fail-closed issuer audience nonce evidence-mode key PCR workload config secure-boot freshness baseline signature quote event-log and replay checks; signed result","Short-lived policy-scoped attestation appraisal","Upstream intent, source approval, semantic correctness, execution by itself","arda_os/backend/services/arda_attestation_verifier.py",IMPLEMENTED_STRICT_VERIFIER,RATS EAR cloud attestation frameworks,"Does the cross-domain use of attestation as one organ in an academic-cyber-deterministic organism differ materially from general relying-party appraisal?","External verifier reproduction, revocation tests, separate attester/verifier deployment, policy identity anchors"
Arda kernel and covenant enforcement,Integritas-Mechanicus and Metatron,"BPF LSM, Valinor/Gurthang, covenant chains, cryptographic sessions, deterministic guards, recovery and formation identity","Kernel admission and constitutional enforcement under prior authority","Minting semantic or business authority, interpreting pedagogy, overriding upstream denial","kernel/valinor; bpf/arda_physical_lsm.c; backend/valinor/gurthang_lsm.c; covenant evidence",IMPLEMENTED_WITH_HARDENING_HISTORY,eBPF LSM IMA fs-verity object-capability and MAC systems,"Has a pedagogical and deterministic intelligence constitution ever been projected into kernel enforcement with preserved separation of powers?","Exact production mode evidence, fs-verity/content identity, map lifecycle receipts, hostile replacement tests"
Seraph AATL and cyber platform,Seraph-AI and Metatron,"Command velocity, inter-command timing, tool switching, intent accumulation, endpoint/network/mobile agents, threat registry, SOAR, sandbox, isolation, forensics and correlation","Threat observation, classification, containment recommendation and bounded response under policy","Semantic truth, academic guilt, cryptographic trust, self-granted high-impact action","Seraph README; Metatron backend and evidence bundles",BROAD_IMPLEMENTATION_WITH_MIXED_MATURITY,EDR XDR UEBA SOAR agent-security platforms,"Has a full agentic cyber-defense stack been made a constitutional organ whose evidence directly constrains deterministic semantic capability applicability?","Independent benchmark against named EDR/XDR baselines, sensor coverage/loss study, production hardening audit"
Harmonic and cadence governance,Metatron,"Scoped cadence windows; interval jitter drift burstiness entropy sequence tempo baselines; resonance discord confidence; governance guidance and veto","Temporal and behavioral coherence appraisal and obligations","Override of hard cryptographic evidence, automatic truth from resonance score","backend/services/harmonic_engine.py; ontology policy inference explainability baselines and gauntlets",IMPLEMENTED_WITH_TEST_AND_EVIDENCE_SURFACES,Time-series anomaly detection failure detectors behavioral biometrics,"Has timing harmony been elevated into an inspectable governance organ spanning cyber behavior, world state, capability trust and consequential dispatch?","Calibrated external corpus, ablation, false-positive analysis, signed baseline provenance, cross-organ case"
Governed deception immune system,Metatron,"Deception authority, modes, safety constraints, secret/path/schema blocks, harmonic shaping, independent corroboration, anti-feedback-loop guard, gauntlets and harvesting","Permit narrow deception under explicit mode and corroboration; issue vetoes","Unbounded disinformation, targeting trusted principals, real-secret exposure, self-corroborated escalation","backend/services/deception_authority.py; deception_policy.py; deception_effectiveness.py; gauntlet evidence",IMPLEMENTED_WITH_GAUNTLET_EVIDENCE,Deception platforms moving-target defense cyber ranges red-team systems,"Has deception been made a permanent promotion and continued-trust organ inside a deterministic semantic and attested execution architecture?","External threat corpus, independent safety review, causal promotion ablation, production isolation evidence"
World state and governance epoch,Metatron,"World entities/edges/campaigns; mind graph; mediation and expression schemas; genre score epoch world-state hash strictness boot formation manifold covenant references","Declare current governance/applicability context and bounded expression constraints","Truth from an unsigned mutable context, permanent authority, replacement of raw evidence","backend/services/world_model.py; governance_epoch.py; governance_context.py; notation_token.py",IMPLEMENTED_CORE_WITH_SOME_PLACEHOLDER_OR_EVOLVING_FIELDS,Digital twins knowledge graphs policy context state-machine replication,"Has signed current-world state including negative conditions and sensor loss ever governed when pedagogical/cyber semantic capabilities may speak or execute?","Canonical signed world-state schema, reconstruction proof, freshness and negative-condition tests, BEAST binding receipt"
Tamper-evident telemetry and action audit,Metatron,"Signed event envelopes, hash-linked chains, trace/span context, principal trust state, evidence refs, policy decision, capability token, governance queue, execution and outputs","Record and correlate observed events and governed actions","Claim world-leading coverage without benchmarks, permission from logging alone, production authenticity with default keys","backend/services/telemetry_chain.py; harvested telemetry and ATT&CK evidence bundles",IMPLEMENTED_BUT_PRODUCTION_KEY_AND_STORAGE_HARDENING_REQUIRED,SIEM XDR OpenTelemetry tamper-evident logging provenance systems,"Has telemetry ever served simultaneously as cyber evidence, world-state input, deterministic applicability evidence and postcondition proof across education and physical execution?","No-default-key production run, durable external anchor, sensor coverage/loss benchmarks, named product comparisons"
BEAST governed task and evidence compiler,EdgeK-BEAST,"Task habitat, SourcePlan, context/evidence compiler, tool buckets, interception, negative capability memory, isolated mutation and repair, claim ledger","Compile admitted evidence and bounded work plans","Hidden authority from model output, remote claim acceptance, execution without leases","BEAST docs and app/kernel planners evidence canon",IMPLEMENTED_WITH_MULTIPLE_PHASES,Agent orchestration coding agents policy engines evidence RAG,"Has evidence compilation been joined to educational assessment, cyber world state and physical attestation as one deterministic authority graph?","Final exact source tree, cross-domain mixed cases, independent oracle and ablation"
Deterministic semantic synthesis,EdgeK-BEAST and DAI-Diode,"Closed-world capability composition, rule/parent graph, relevance and residual route recomputation, unsupported-gap refusal, semantic digest","Derive bounded propositions and refusals from admitted evidence","Open-world truth, arbitrary language competence, unsupported causal claims","DAI phase bundles; synthesis and C4X documents",VALIDITY_EVIDENCE_STRONG_FINAL_REPRODUCTION_PENDING,Logic programming theorem proving proof-carrying plans neuro-symbolic systems,"Is this the first deterministic capability-composition core operating inside the full Sophia-Arda-Seraph constitutional organism?","Complete Phase lineage, independent cases, exact rule closure, mutation and ablation"
Proof-first sibling expression,EdgeK-BEAST and DAI-Diode,"One canonical proof/semantic object independently projected into exact bounded text and canonical SVG/scene AST; separate tamper checks","Express only authorized propositions","Visual or prose widening, arbitrary multimodal truth","C4X gauntlet and DAI phase expression receipts",IMPLEMENTED_BOUNDED_TEMPLATES,Graph-to-text visualization grammars semantic rendering,"Has an academic and cyber intelligence emitted separately verified text and visual guidance from one authority-bounded proof object?","Independent expression cases, canonical AST, accessibility/metadata closure, broader-domain limits"
Sealed crystal and Crystal Bus custody,EdgeK-BEAST,"Sealed memfd proof-carrying capability, AF_UNIX SOCK_SEQPACKET, SCM_RIGHTS, receiver revalidation, Guardian custody, generations, revocation and recovery","Custody, transport and admission of verified capability objects","Authority from possession, path identity, successful transport or guardian availability","app/kernel/crystal_bus; sealed capsule and Guardian implementations/evidence",IMPLEMENTED_WITH_LIVE_AND_GAUNTLET_EVIDENCE,Memfd IPC object capabilities proof-carrying data capability OS,"Has sealed descriptor custody been used as the native semantic-capability substrate for a cross-domain intelligence constitution?","External reproduction, custody attacks, content identity, exact Sophia/Metatron artifact transport case"
Sensorium epistemic nervous system,EdgeK-BEAST,"Typed ordered eBPF/runtime observations, process/socket/cgroup attribution, boot-monotonic ordering, privacy, confidence, sequence loss and Runtime Episodes","Produce current-state and observation-gap evidence","Create semantic truth, infer absence from silence, authorize actions","app/kernel/sensorium; BPF programs; physical-truth certificates",IMPLEMENTED_WITH_LIVE_EVIDENCE_AND_SCOPE_LIMITS,eBPF observability runtime security event sourcing,"Has explicit sensor loss and kernel observation ever become the applicability root for pedagogical semantic capabilities and attested physical actions?","Coverage/loss study, external eBPF observer, mixed academic-physical case, privacy audit"
ML-KEM Commons and heterogeneous quorum,EdgeK-BEAST and DAI-Diode,"ML-KEM-768 pairwise transcripts, no serialized shared secrets, proposal/evidence/world/epoch/capability binding, heterogeneous signed witnesses and replay","Cryptographic session evidence, independent proposition verification and quorum result","Local adoption, execution or production permission","commons ML-KEM evidence; DAI Phase 5 quorum bundle",PARTIAL_TO_STRONG_ML_KEM_AND_QUORUM_EVIDENCE_FULL_INDEPENDENCE_PENDING,Post-quantum service meshes BFT semantic quorum attested consensus,"Has post-quantum session evidence been combined with role-diverse attested deterministic semantic quorum over an education-cyber-physical proposition?","Independent people/accounts/providers, complete encrypted/authenticated transport, raw attestations, replay"
Arda-Metatron dual authorization,EdgeK-BEAST Integritas-Mechanicus Metatron,"Signed audience/policy/appraisal/request-digest checks; ARDA then Metatron; protected one-use capability ledger; both required before execute; cross-system receipt","Separate measured-state and consequential-edge authorization under BEAST intent","Either downstream organ minting upstream authority, Boolean self-attestation, replay or authority from successful execution","app/kernel/integration/arda_metatron_bridge.py; integration assessment",IMPLEMENTED_FAIL_CLOSED_BRIDGE,Zero-trust authorization confidential execution proof-derived agent authority,"Has a deterministic intelligence system required independent hardware appraisal and adversarial/world-state gate approval before consuming exact one-use semantic capability authority?","Live three-process/three-key run, mutation of every binding, independent operator reproduction"
Execution-to-production diode,All repositories through BEAST publication,"Successful evidence, quorum, execution and postconditions cannot directly mint or widen production authority; explicit separate grants and one-use consumption","Record evidence and support later policy review","Automatic future authority, silent promotion or policy amendment","authority maps, one-use ledgers, bridge, DAI publication gates",ARCHITECTURAL_INVARIANT_WITH_IMPLEMENTED_COMPONENTS_END_TO_END_PROOF_PENDING,Separation of duties least privilege proof-derived authorization change control,"Is this invariant enforced across educational assistance, cyber deception, deterministic composition, attested execution and postcondition learning in one public system?","End-to-end mutation proving no upward authority flow, formal state machine, independent audit"
Full converged organism,Sophia-AI Integritas-Mechanicus Seraph-AI Metatron EdgeK-BEAST,"Authorship-preserving pedagogical/assessment AI plus academic integrity plus hardware/kernel attestation plus full cyber/deception/telemetry/world state plus deterministic proof-carrying intelligence plus attested quorum and physical execution","Only the bounded power assigned to each organ","Authority substitution across any organ boundary","Cross-repo source/evidence map and partial explicit bridges",ARCHITECTURE_AND_SUBSTANTIAL_COMPONENT_INTEGRATION_PRESENT_PUBLICATION_CLOSURE_PENDING,Cross-domain AI governance education integrity confidential computing cybersecurity and agent infrastructure,"Does any prior public system implement this complete cross-domain separation-of-powers organism rather than one or several product categories?","CONVERGENCE_LEDGER.json, mixed-domain end-to-end cases, clean-room build, independent novelty review and reproduction"
